BJW-1117373	chr1	41921	G	C	.	novel	.	2	0	4	het
BJW-1117523	chr1	42101	T	G	Y	rs2691277.1	.	1	0	1	?
BJW-1119675	chr1	45408	C	T	Y	rs28396308	.	3	0	3	.
BJW-1120399	chr1	46244	T	C	.	novel	.	4	0	5	het
BJW-1121446	chr1	47815	A	C	Y	rs2691334	.	1	0	1	.
BJW-1121620	chr1	48074	A	G	Y	rs2691335.2	.	1	0	1	.
BJW-1122030	chr1	48634	T	C	.	novel	.	2	0	12	het
BJW-1123396	chr1	51305	A	G	Y	rs2531261	.	2	0	2	?
BJW-1124265	chr1	53131	T	C	Y	rs28664618	.	1	0	2	het
BJW-1130361	chr1	59374	A	G	Y	rs2691305	.	1	0	1	?
BJW-1145094	chr1	77053	G	A	Y	rs1524602	.	1	0	6	het
BJW-1145915	chr1	78201	G	A	.	novel	.	3	0	3	.
BJW-1126214	chr1	554725	T	C	Y	rs1988726	.	4	0	11	het
BJW-1126357	chr1	555764	G	A	Y	rs7411575	.	1	0	2	het
BJW-1126415	chr1	556234	A	G	Y	rs1832731	.	5	0	97	het
BJW-1126439	chr1	556634	C	T	Y	rs2185536	.	1	0	80	het
BJW-1126442	chr1	556655	T	C	Y	rs9283152	.	75	0	79	het
BJW-1126445	chr1	556679	C	A	Y	rs2185537	.	75	0	79	het
BJW-1126502	chr1	557105	G	A	Y	rs7518996	.	2	0	2	.
BJW-1126515	chr1	557217	C	T	.	novel	.	2	0	2	.
BJW-1126516	chr1	557224	G	A	.	novel	.	4	0	4	?
BJW-1126555	chr1	557646	T	C	Y	rs2000095	.	3	0	72	het
BJW-1126645	chr1	558326	A	G	Y	rs2153587	.	9	0	9	.
BJW-1126664	chr1	558435	G	A	Y	rs7413388	.	2	0	74	het
BJW-1126681	chr1	558554	T	C	Y	rs8179256	.	1	0	42	het
BJW-1126683	chr1	558566	A	G	Y	rs7411906	.	88	0	88	?
BJW-1126684	chr1	558581	C	T	Y	rs7417964	.	88	0	88	?
BJW-1126719	chr1	558873	T	C	Y	rs9285836	.	62	0	62	?
BJW-1126720	chr1	558915	C	T	Y	rs2153588	.	62	0	62	?
BJW-1126723	chr1	558957	A	G	Y	rs9283154	.	2	0	2	?
BJW-1126730	chr1	559089	C	A	Y	rs6594032	.	98	0	98	?
BJW-1126733	chr1	559113	G	A	Y	rs2000975	.	98	0	98	?
BJW-1126738	chr1	559130	G	A	Y	rs6650105	.	2	0	2	?
BJW-1126780	chr1	559472	A	C	Y	rs6594034	.	6	0	7	het
BJW-1126817	chr1	559939	T	C	Y	rs9326625	.	33	0	33	?
BJW-1126819	chr1	559942	C	T	Y	rs9283156	.	34	0	34	?
BJW-1126821	chr1	559952	C	T	.	novel	.	35	0	35	?
BJW-1126822	chr1	559957	G	A	Y	rs7339962	.	2	0	2	?
BJW-1126825	chr1	559960	A	G	Y	rs2298012	.	2	0	2	?
BJW-1139739	chr1	710660	G	A	Y	rs3115846	.	2	0	4	het
BJW-1140001	chr1	713754	G	C	Y	rs2977670	.	5	0	5	?
BJW-1140250	chr1	718022	C	T	Y	rs3131978	.	2	0	3	het
BJW-1140412	chr1	719542	C	G	Y	rs4951859	.	1	0	2	het
BJW-1140582	chr1	721581	T	C	.	novel	.	3	0	3	.
BJW-1140625	chr1	721895	A	C	.	novel	.	2	0	4	het
BJW-1141021	chr1	726152	T	A	.	novel	.	2	0	2	.
BJW-1141033	chr1	726385	A	T	Y	rs3094318	.	1	0	1	.
BJW-1141034	chr1	726386	T	C	Y	rs3131974	.	1	0	1	.
BJW-1141228	chr1	727987	G	A	Y	rs2427920	.	1	0	4	het
BJW-1141355	chr1	729073	A	G	Y	rs2427917	.	7	0	7	?
BJW-1141372	chr1	729289	A	G	Y	rs3131973	.	1	0	1	.
BJW-1142783	chr1	741619	T	C	Y	rs28527770	.	2	0	6	het
BJW-1142886	chr1	742429	G	A	Y	rs3094315	.	2	0	2	.
BJW-1142893	chr1	742584	A	G	Y	rs3131972	.	1	0	4	het
BJW-1142902	chr1	742757	T	C	Y	rs3131971	.	1	0	3	het
BJW-1142935	chr1	743132	C	G	Y	rs3115861	.	5	0	5	?
BJW-1142950	chr1	743404	G	A	Y	rs2073813	.	2	0	3	het
BJW-1143009	chr1	744197	T	C	Y	rs3131967	.	1	0	1	.
BJW-1143022	chr1	744366	G	A	Y	rs3115859	.	2	0	2	.
BJW-1143078	chr1	744827	C	T	Y	rs3131966	.	4	0	4	.
BJW-1143185	chr1	745750	C	G	Y	rs3131964	.	3	0	3	?
BJW-1143245	chr1	746467	A	G	Y	rs3131962	.	1	0	3	het
BJW-1143321	chr1	747503	G	A	Y	rs3115853	.	2	0	2	.
BJW-1143366	chr1	747799	C	A	Y	rs4951862	.	1	0	1	.
BJW-1143385	chr1	748187	T	C	Y	rs3131955	.	2	0	3	het
BJW-1143431	chr1	749156	T	A	Y	rs10157329	.	1	0	4	het
BJW-1143463	chr1	749563	T	C	Y	rs3115852	.	2	0	3	het
BJW-1143480	chr1	749700	T	A	Y	rs3115851	.	2	0	3	het
BJW-1143585	chr1	750775	C	T	Y	rs1048488	.	5	0	5	.
BJW-1143631	chr1	751615	C	T	Y	rs1057213	.	2	0	4	het
BJW-1143636	chr1	751663	A	T	Y	rs1064272	.	2	0	4	het
BJW-1143679	chr1	752464	T	C	Y	rs3131949	.	2	0	2	?
BJW-1143680	chr1	752495	T	A	Y	rs3131948	.	1	0	1	.
BJW-1143766	chr1	754054	T	G	Y	rs7515915	.	3	0	4	het
BJW-1143864	chr1	755771	A	G	Y	rs2519017	.	1	0	3	het
BJW-1143866	chr1	755811	C	T	Y	rs2519016	.	1	0	2	het
BJW-1143869	chr1	755870	A	C	.	novel	.	2	0	2	.
BJW-1143879	chr1	755968	T	A	Y	rs2519015	.	1	0	2	het
BJW-1143901	chr1	757643	G	A	Y	rs2905042	.	2	0	2	?
BJW-1144024	chr1	759086	C	G	.	novel	.	3	0	4	het
BJW-1144069	chr1	759692	C	A	Y	rs2977607	.	2	0	2	?
BJW-1144103	chr1	759938	C	T	Y	rs2977606	.	4	0	4	?
BJW-1144171	chr1	760781	T	G	Y	rs12069423	.	2	0	3	het
BJW-1144195	chr1	761273	C	T	Y	rs2519006	.	1	0	5	het
BJW-1144216	chr1	761686	T	C	Y	rs2977605	.	4	0	6	het
BJW-1144231	chr1	761830	G	A	.	novel	.	2	0	4	het
BJW-1144306	chr1	762618	A	C	Y	rs2905039	.	1	0	1	.
BJW-1144567	chr1	765044	A	G	.	novel	.	3	0	7	het
BJW-1144588	chr1	765289	G	A	Y	rs2905037	.	1	0	2	het
BJW-1144608	chr1	765522	A	G	Y	rs2905035	.	1	0	4	het
BJW-1144851	chr1	768432	A	G	Y	rs2977615	.	4	0	4	.
BJW-1144918	chr1	769185	A	G	Y	rs4040617	.	2	0	3	het
BJW-1145032	chr1	769890	G	T	Y	rs2977613	.	8	0	8	?
BJW-1145105	chr1	770648	T	A	Y	rs2977612	.	2	0	2	.
BJW-1145241	chr1	772844	C	T	Y	rs6594026	.	2	0	2	?
BJW-1145268	chr1	773167	T	C	Y	rs2980295	.	2	0	2	?
BJW-1145362	chr1	774913	G	A	Y	rs2905062	.	2	0	3	het
BJW-1145584	chr1	776673	G	A	Y	rs2905061	.	5	0	5	?
BJW-1145621	chr1	777125	C	G	Y	rs2905056	.	1	0	1	.
BJW-1145633	chr1	777262	G	T	Y	rs2905055	.	1	0	4	het
BJW-1145659	chr1	777469	G	T	Y	rs3863622	.	3	0	6	het
BJW-1145665	chr1	777548	G	T	Y	rs2905054	.	1	0	3	het
BJW-1145669	chr1	777575	G	A	Y	rs34609061	.	1	0	1	.
BJW-1145681	chr1	777707	C	T	Y	rs2905053	.	2	0	2	?
BJW-1145916	chr1	782126	A	G	Y	rs1044922	.	4	0	5	het
BJW-1146205	chr1	785182	T	C	.	novel	.	2	0	3	het
BJW-1146293	chr1	785851	C	T	.	novel	.	3	0	7	het
BJW-1146309	chr1	786238	T	C	Y	rs12083781	.	2	0	2	?
BJW-1146345	chr1	786590	G	T	Y	rs28446392	.	2	0	4	het
BJW-1146401	chr1	787303	T	C	.	novel	.	7	0	7	?
BJW-1146448	chr1	787889	C	T	Y	rs4951864	.	1	0	1	?
BJW-1146511	chr1	788822	G	A	Y	rs11240777	.	2	0	3	het
BJW-1146540	chr1	789326	T	C	Y	rs4245756	.	1	0	2	het
BJW-1146654	chr1	789870	T	C	Y	rs6681049	.	4	0	4	.
BJW-1146685	chr1	790246	C	T	Y	rs4951931	.	5	0	5	?
BJW-1146776	chr1	791330	G	C	.	novel	.	3	0	5	het
BJW-1147469	chr1	798494	G	A	Y	rs11240779	.	1	0	2	het
BJW-1147632	chr1	800149	G	A	Y	rs28410559	.	2	0	3	het
BJW-1148292	chr1	806552	T	C	.	novel	.	3	0	4	het
BJW-1148295	chr1	806579	G	A	.	novel	.	3	0	4	het
BJW-1148354	chr1	807097	A	T	Y	rs4970387	.	1	0	2	het
BJW-1148806	chr1	811750	A	G	Y	rs6677354	.	1	0	1	.
BJW-1148820	chr1	811811	T	C	Y	rs6671445	.	1	0	1	.
BJW-1148883	chr1	812772	C	A	.	novel	.	2	0	4	het
BJW-1148884	chr1	812774	G	A	.	novel	.	2	0	5	het
BJW-1148903	chr1	812900	G	A	.	novel	.	3	0	3	?
BJW-1148910	chr1	812923	G	A	.	novel	.	3	0	3	?
BJW-1148911	chr1	812935	G	A	.	novel	.	3	0	3	?
BJW-1148915	chr1	812951	G	T	.	novel	.	3	0	3	?
BJW-1148919	chr1	812975	C	T	.	novel	.	3	0	3	?
BJW-1148971	chr1	813368	T	C	Y	rs13302980	.	4	0	25	het
BJW-1148979	chr1	813451	C	T	.	novel	.	8	0	9	het
BJW-1148980	chr1	813452	A	G	.	novel	.	8	0	9	het
BJW-1148981	chr1	813455	A	G	.	novel	.	2	0	9	het
BJW-1148983	chr1	813465	T	C	.	novel	.	10	0	10	?
BJW-1148984	chr1	813467	A	C	.	novel	.	10	0	10	?
BJW-1148985	chr1	813468	G	A	.	novel	.	10	0	10	?
BJW-1148988	chr1	813484	T	C	.	novel	.	12	0	12	?
BJW-1148992	chr1	813498	A	G	.	novel	.	4	0	9	het
BJW-1148997	chr1	813514	T	A	.	novel	.	2	0	13	het
BJW-1149110	chr1	814261	A	C	Y	rs7538305	.	2	0	8	het
BJW-1149132	chr1	814554	G	A	.	novel	.	8	0	9	het
BJW-1149134	chr1	814627	C	G	.	novel	.	8	0	8	?
BJW-1149142	chr1	814900	C	T	.	novel	.	2	0	12	het
BJW-1149143	chr1	814914	A	C	N	rs4584339	.	2	0	20	het
BJW-1149144	chr1	814918	G	A	.	novel	.	2	0	19	het
BJW-1149145	chr1	814927	C	T	.	novel	.	2	0	21	het
BJW-1149146	chr1	814929	C	T	.	novel	.	2	0	20	het
BJW-1149147	chr1	814931	T	C	.	novel	.	2	0	20	het
BJW-1149149	chr1	814932	G	C	N	rs4475692	A	5	2	19	het
BJW-1149150	chr1	814939	G	A	.	novel	.	2	0	25	het
BJW-1149196	chr1	815417	A	G	Y	rs4970337	.	2	0	2	.
BJW-1149226	chr1	815714	T	A	Y	rs4549984	.	3	0	7	het
BJW-1149234	chr1	815835	G	A	.	novel	.	3	0	10	het
BJW-1149532	chr1	819196	G	A	Y	rs9778019	.	1	0	2	het
BJW-1149575	chr1	820044	A	G	Y	rs28444699	.	1	0	4	het
BJW-1149617	chr1	820670	G	C	Y	rs6422669	.	1	0	1	.
BJW-1149705	chr1	821772	C	T	Y	rs9697642	.	1	0	2	het
BJW-1150321	chr1	828794	A	C	Y	rs7523690	.	1	0	4	het
BJW-1150802	chr1	833268	A	G	Y	rs11516185	.	2	0	4	het
BJW-1151161	chr1	837113	G	A	Y	rs7416129	.	2	0	7	het
BJW-1151485	chr1	839861	A	G	Y	rs13303222	.	1	0	4	het
BJW-1151699	chr1	841620	A	G	Y	rs4970464	.	3	0	5	het
BJW-1151792	chr1	842738	C	T	Y	rs13303369	.	4	0	11	het
BJW-1151800	chr1	842827	T	G	Y	rs4970461	.	3	0	8	het
BJW-1151867	chr1	843817	C	A	Y	rs1806509	.	1	0	1	.
BJW-1151911	chr1	844640	A	G	Y	rs13303019	.	1	0	4	het
BJW-1151925	chr1	844841	A	C	Y	rs13303057	.	3	0	9	het
BJW-1151947	chr1	844938	C	G	Y	rs6673914	.	1	0	4	het
BJW-1152222	chr1	847591	T	G	Y	rs6689107	.	2	0	7	het
BJW-1152250	chr1	848664	A	G	Y	rs7418179	.	2	0	3	het
BJW-1152430	chr1	850717	T	C	.	novel	.	3	0	3	.
BJW-1152431	chr1	850871	G	C	Y	rs28521172	.	2	0	2	.
BJW-1152489	chr1	851493	G	A	Y	rs2879816	.	4	0	5	het
BJW-1152505	chr1	851671	A	G	Y	rs13302982	.	2	0	3	het
BJW-1152599	chr1	852729	C	T	Y	rs3892970	.	3	0	7	het
BJW-1152624	chr1	852987	G	T	Y	rs4040604	.	2	0	2	.
BJW-1152839	chr1	854801	G	A	Y	rs2340587	.	2	0	2	.
BJW-1152887	chr1	856182	G	A	Y	rs9988021	.	5	0	5	.
BJW-1153030	chr1	857447	A	T	Y	rs2341360	.	3	0	3	.
BJW-1153179	chr1	858192	A	C	Y	rs2341359	.	1	0	5	het
BJW-1153187	chr1	858267	C	T	Y	rs13302914	.	3	0	5	het
BJW-1153218	chr1	858654	C	T	Y	rs13303003	.	1	0	3	het
BJW-1153230	chr1	858844	C	T	Y	rs13303037	.	1	0	2	het
BJW-1153427	chr1	860766	T	C	Y	rs13303094	.	6	0	7	het
BJW-1153463	chr1	861197	G	T	Y	rs4072383	.	2	0	4	het
BJW-1153661	chr1	863421	G	T	Y	rs1110052	.	2	0	4	het
BJW-1153858	chr1	865633	A	G	Y	rs4970379	.	1	0	1	.
BJW-1153901	chr1	866362	A	G	Y	rs4372192	.	2	0	4	het
BJW-1154102	chr1	869539	G	A	Y	rs6605067	.	1	0	1	.
BJW-1154184	chr1	871490	G	A	Y	rs2272757	.	3	0	4	het
BJW-1154345	chr1	872954	G	A	.	novel	.	2	0	4	het
BJW-1154385	chr1	873488	A	G	Y	rs4970378	.	1	0	1	.
BJW-1154435	chr1	874007	C	A	.	novel	.	2	0	6	het
BJW-1154469	chr1	874678	A	G	Y	rs4246503	.	3	0	3	.
BJW-1154682	chr1	877423	A	C	Y	rs3748595	.	1	0	2	het
BJW-1154730	chr1	877878	C	T	.	novel	.	2	0	6	het
BJW-1154808	chr1	879021	G	C	Y	rs13303056	.	1	0	1	?
BJW-1154809	chr1	879022	A	C	Y	rs13302945	.	1	0	1	.
BJW-1154821	chr1	879501	G	C	Y	rs13303206	.	3	0	4	het
BJW-1154840	chr1	879576	C	A	Y	rs13303051	.	5	0	6	het
BJW-1154993	chr1	881808	A	G	Y	rs13303106	.	1	0	2	het
BJW-1155024	chr1	882608	G	A	Y	rs13303227	.	7	0	7	?
BJW-1155086	chr1	883143	G	A	Y	rs4970371	.	5	0	5	.
BJW-1155192	chr1	884436	G	A	Y	rs13303010	.	2	0	2	.
BJW-1155452	chr1	887188	G	C	Y	rs4970441	.	4	0	5	het
BJW-1155472	chr1	887427	T	C	Y	rs13303229	.	4	0	4	.
BJW-1155523	chr1	888186	T	C	Y	rs6605071	.	2	0	4	het
BJW-1155620	chr1	889201	C	T	.	novel	.	2	0	9	het
BJW-1155656	chr1	890148	C	T	Y	rs4970435	.	1	0	1	.
BJW-1155657	chr1	890149	A	G	Y	rs4970434	.	1	0	1	.
BJW-1155688	chr1	890835	T	G	Y	rs9697711	.	5	0	6	het
BJW-1155690	chr1	890886	T	C	Y	rs13303351	.	4	0	4	.
BJW-1155821	chr1	892626	C	G	Y	rs34599644	.	1	0	1	.
BJW-1155840	chr1	892860	G	A	Y	rs7524174	.	2	0	2	.
BJW-1155870	chr1	893184	G	A	Y	rs6669800	.	1	0	2	het
BJW-1156322	chr1	898936	C	T	Y	rs3892467	.	3	0	9	het
BJW-1156340	chr1	899101	G	C	Y	rs3829740	.	3	0	3	.
BJW-1156366	chr1	899418	A	G	Y	rs2340594	.	1	0	1	.
BJW-1156378	chr1	899631	A	G	Y	rs2340593	.	3	0	6	het
BJW-1156462	chr1	900301	A	G	Y	rs6685581	.	3	0	5	het
BJW-1156514	chr1	900766	T	C	Y	rs4970429	.	2	0	5	het
BJW-1156545	chr1	901458	A	G	Y	rs7417106	.	1	0	1	.
BJW-1156687	chr1	903752	G	A	Y	rs2340596	.	4	0	4	.
BJW-1156710	chr1	904055	G	C	Y	rs2340595	.	1	0	1	.
BJW-1156715	chr1	904196	C	G	Y	rs13302979	.	1	0	1	.
BJW-1156756	chr1	904803	T	C	Y	rs13303033	.	6	0	7	het
BJW-1156771	chr1	905090	A	G	Y	rs13303355	.	1	0	3	het
BJW-1156916	chr1	906412	A	G	Y	rs6660139	.	2	0	6	het
BJW-1156932	chr1	906697	G	A	Y	rs6694632	.	1	0	2	het
BJW-1156945	chr1	906923	C	G	Y	rs6605058	.	3	0	5	het
BJW-1157015	chr1	908436	A	G	Y	rs2341354	.	4	0	5	het
BJW-1157210	chr1	910596	T	C	Y	rs6677131	.	1	0	4	het
BJW-1157277	chr1	911579	C	A	Y	rs13303278	.	1	0	3	het
BJW-1157346	chr1	913322	A	G	Y	rs9442609	.	7	0	11	het
BJW-1157382	chr1	913612	T	C	Y	rs9442610	.	6	0	6	?
BJW-1157528	chr1	914761	C	A	Y	rs6665000	.	1	0	6	het
BJW-1157581	chr1	915547	T	C	Y	rs6605061	.	2	0	2	.
BJW-1157643	chr1	916214	C	T	Y	rs6671243	.	1	0	2	het
BJW-1157677	chr1	916484	A	C	Y	rs4970351	.	2	0	4	het
BJW-1157900	chr1	918441	G	A	Y	rs28394749	.	2	0	5	het
BJW-1157931	chr1	918699	C	T	Y	rs9777703	.	4	0	4	.
BJW-1157972	chr1	919053	A	G	Y	rs9777939	.	1	0	1	.
BJW-1158099	chr1	919901	G	T	.	novel	.	2	0	2	?
BJW-1158186	chr1	920877	A	G	Y	rs2710881	.	5	0	6	het
BJW-1158229	chr1	921371	T	A	Y	rs2799061	.	4	0	4	.
BJW-1158325	chr1	922481	C	G	Y	rs3128112	.	1	0	4	het
BJW-1158395	chr1	923653	G	A	Y	rs9442392	.	4	0	6	het
BJW-1158424	chr1	923969	A	G	Y	rs2799063	.	1	0	1	.
BJW-1158480	chr1	925085	C	A	Y	rs2298214	.	1	0	2	het
BJW-1158518	chr1	925696	C	G	Y	rs3128115	.	1	0	1	.
BJW-1158536	chr1	925974	C	T	Y	rs1936360	.	2	0	3	het
BJW-1158638	chr1	927551	T	C	Y	rs2489000	.	2	0	4	het
BJW-1158900	chr1	929959	C	T	Y	rs4503294	.	5	0	6	het
BJW-1158907	chr1	930066	G	A	Y	rs35940137	.	1	0	7	het
BJW-1159241	chr1	933770	C	G	Y	rs2488992	.	1	0	1	.
BJW-1159365	chr1	935337	C	T	Y	rs3121566	.	1	0	2	het
BJW-1159498	chr1	936897	G	A	Y	rs2465126	.	2	0	2	.
BJW-1159576	chr1	938555	G	A	Y	rs2341365	.	3	0	4	het
BJW-1159598	chr1	938784	T	C	Y	rs15842	.	3	0	6	het
BJW-1159614	chr1	939098	G	A	Y	rs2465124	.	2	0	3	het
BJW-1159649	chr1	939460	C	T	.	novel	.	2	0	10	het
BJW-1159653	chr1	939517	A	G	Y	rs8997	.	4	0	4	.
BJW-1159668	chr1	939788	C	T	Y	rs2799070	.	7	0	8	het
BJW-1159781	chr1	941158	C	T	Y	rs9442388	.	2	0	3	het
BJW-1159787	chr1	941185	C	T	Y	rs9697362	.	2	0	3	het
BJW-1159788	chr1	941193	G	A	Y	rs9697717	.	1	0	1	.
BJW-1159871	chr1	942291	G	A	Y	rs9442611	.	3	0	3	?
BJW-1160059	chr1	943815	G	A	Y	rs9442612	.	4	0	4	?
BJW-1160193	chr1	945979	C	T	.	novel	.	2	0	6	het
BJW-1160231	chr1	946715	C	T	Y	rs9777931	.	4	0	5	het
BJW-1160432	chr1	949094	G	A	Y	rs4039721	.	6	0	6	.
BJW-1160618	chr1	950272	G	C	Y	rs4970392	.	2	0	3	het
BJW-1160801	chr1	951690	G	A	Y	rs3121556	.	4	0	6	het
BJW-1160855	chr1	952469	G	A	Y	rs4970393	.	3	0	3	.
BJW-1160867	chr1	952754	C	T	Y	rs4970394	.	5	0	5	.
BJW-1160871	chr1	952876	C	T	Y	rs9442389	.	1	0	6	het
BJW-1160881	chr1	953112	C	T	Y	rs2710870	.	1	0	1	.
BJW-1161253	chr1	957521	C	T	Y	rs4970349	.	5	0	8	het
BJW-1161497	chr1	960078	G	C	Y	rs9442364	.	1	0	2	het
BJW-1161646	chr1	961087	A	G	Y	rs2799055	.	2	0	3	het
BJW-1161655	chr1	961230	T	C	Y	rs2710883	.	4	0	4	.
BJW-1161875	chr1	963240	G	A	Y	rs2465129	.	1	0	3	het
BJW-1161884	chr1	963321	C	T	Y	rs2465130	.	3	0	4	het
BJW-1161941	chr1	964062	C	T	Y	rs2465131	.	2	0	2	.
BJW-1161948	chr1	964159	A	G	Y	rs2488996	.	2	0	2	.
BJW-1161955	chr1	964218	G	A	Y	rs2488997	.	2	0	2	.
BJW-1161957	chr1	964219	T	C	Y	rs2465132	.	2	0	5	het
BJW-1161974	chr1	964357	G	T	Y	rs2465133	.	4	0	6	het
BJW-1161981	chr1	964433	T	G	Y	rs2465134	.	2	0	2	.
BJW-1161993	chr1	964525	G	T	Y	rs2465135	.	1	0	1	.
BJW-1162014	chr1	964757	C	T	Y	rs3121578	.	2	0	4	het
BJW-1162073	chr1	965565	A	G	Y	rs9331224	.	2	0	2	.
BJW-1162238	chr1	967193	T	C	Y	rs2799066	.	8	0	8	?
BJW-1162261	chr1	967433	G	A	Y	rs2710876	.	1	0	3	het
BJW-1162301	chr1	967643	C	T	Y	rs2710875	.	2	0	2	.
BJW-1162495	chr1	970323	G	A	Y	rs3128097	.	3	0	3	.
BJW-1162523	chr1	970950	A	G	Y	rs3128098	.	6	0	6	.
BJW-1162559	chr1	971794	A	G	Y	rs2465128	.	2	0	3	het
BJW-1162591	chr1	972376	T	C	Y	rs3128101	.	5	0	10	het
BJW-1162624	chr1	972804	T	C	Y	rs3128102	.	5	0	9	het
BJW-1162633	chr1	972857	T	C	Y	rs10267	.	6	0	8	het
BJW-1162716	chr1	974165	T	C	Y	rs9442391	.	2	0	3	het
BJW-1162735	chr1	975129	C	T	Y	rs2275813	.	4	0	4	.
BJW-1162808	chr1	976306	C	T	Y	rs2710887	.	2	0	3	het
BJW-1162851	chr1	977063	C	T	Y	rs9803031	.	1	0	7	het
BJW-1162866	chr1	977533	T	G	Y	rs13303287	.	3	0	3	.
BJW-1162888	chr1	978366	A	T	Y	rs2799071	.	3	0	4	het
BJW-1162905	chr1	978795	G	C	Y	rs2710871	.	2	0	3	het
BJW-1162961	chr1	980143	C	T	Y	rs4275402	.	1	0	4	het
BJW-1162976	chr1	980380	C	T	Y	rs2710872	.	1	0	1	.
BJW-1163011	chr1	980847	G	A	Y	rs8014	.	1	0	1	.
BJW-1163117	chr1	982190	C	T	Y	rs2245754	.	2	0	3	het
BJW-1163218	chr1	983223	C	A	Y	rs13303240	.	3	0	3	.
BJW-1163303	chr1	984254	G	T	Y	rs2488991	.	3	0	4	het
BJW-1163383	chr1	985344	T	G	Y	rs9442393	.	2	0	2	.
BJW-1163600	chr1	988258	A	G	Y	rs7526076	.	7	0	8	het
BJW-1163829	chr1	991040	G	C	Y	rs4970401	.	2	0	2	.
BJW-1163965	chr1	992795	C	G	Y	rs4246502	.	5	0	7	het
BJW-1163975	chr1	992916	C	T	Y	rs4074992	.	3	0	3	.
BJW-1164050	chr1	993492	C	T	Y	rs4075116	.	4	0	4	.
BJW-1164299	chr1	996086	G	A	Y	rs9442394	.	1	0	4	het
BJW-1164310	chr1	997066	A	G	Y	rs4633229	.	1	0	3	het
BJW-1164316	chr1	997295	G	A	Y	rs4333796	.	3	0	4	het
BJW-1164452	chr1	999097	T	C	Y	rs9442366	.	1	0	2	het
BJW-1164468	chr1	999341	G	C	Y	rs9442367	.	3	0	5	het
BJW-1000066	chr1	1000580	C	T	Y	rs9442368	.	1	0	4	het
BJW-1000263	chr1	1004818	G	C	Y	rs4970402	.	2	0	2	.
BJW-1000279	chr1	1004989	A	G	Y	rs36027499	.	2	0	3	het
BJW-1000298	chr1	1005120	A	G	Y	rs9442369	.	2	0	2	?
BJW-1000326	chr1	1005414	C	T	Y	rs9442370	.	2	0	3	het
BJW-1000330	chr1	1005680	G	A	Y	rs12746483	.	4	0	6	het
BJW-1000383	chr1	1007204	G	T	Y	rs1133647	.	1	0	1	.
BJW-1000480	chr1	1008007	T	C	Y	rs9442395	.	2	0	5	het
BJW-1000537	chr1	1008425	C	T	Y	rs9442371	.	4	0	4	.
BJW-1000552	chr1	1008567	A	G	Y	rs9442372	.	4	0	4	.
BJW-1000578	chr1	1009043	T	C	Y	rs9442396	.	1	0	7	het
BJW-1000662	chr1	1010269	T	C	Y	rs9442397	.	4	0	7	het
BJW-1000733	chr1	1011278	A	G	Y	rs3737728	.	3	0	3	.
BJW-1000750	chr1	1011558	A	G	Y	rs9442398	.	5	0	6	het
BJW-1001184	chr1	1016664	T	A	Y	rs4562563	.	2	0	5	het
BJW-1001286	chr1	1017505	G	A	.	novel	.	2	0	14	het
BJW-1001616	chr1	1021403	A	G	Y	rs9651273	.	2	0	8	het
BJW-1001692	chr1	1022047	A	G	Y	rs9651272	.	2	0	7	het
BJW-1001889	chr1	1023862	C	T	Y	rs4970353	.	1	0	6	het
BJW-1002130	chr1	1025668	G	A	Y	rs12759295	.	8	0	8	.
BJW-1002328	chr1	1026910	C	T	Y	rs12134754	.	1	0	5	het
BJW-1003370	chr1	1037129	G	T	.	novel	.	3	0	6	het
BJW-1003553	chr1	1043248	C	T	Y	rs4970408	.	3	0	14	het
BJW-1004421	chr1	1050037	C	T	Y	rs7548798	.	1	0	3	het
BJW-1004422	chr1	1050038	T	C	Y	rs7556082	.	1	0	3	het
BJW-1004579	chr1	1051029	T	C	Y	rs11807848	.	1	0	9	het
BJW-1004621	chr1	1051888	A	G	Y	rs9329411	.	1	0	1	.
BJW-1004677	chr1	1052501	C	A	Y	rs9442373	.	3	0	7	het
BJW-1004735	chr1	1052907	A	G	Y	rs7545801	.	2	0	4	het
BJW-1004973	chr1	1054398	G	C	Y	rs6682475	.	2	0	4	het
BJW-1004989	chr1	1054533	C	G	Y	rs7547403	.	5	0	5	.
BJW-1005002	chr1	1054665	T	C	Y	rs2298216	.	2	0	2	.
BJW-1005325	chr1	1057439	G	A	Y	rs11589263	.	2	0	3	het
BJW-1005787	chr1	1059991	T	G	Y	rs9442378	.	1	0	1	.
BJW-1005814	chr1	1060304	C	T	Y	rs9442379	.	7	0	10	het
BJW-1005838	chr1	1060981	G	C	Y	rs10907183	.	1	0	3	het
BJW-1005847	chr1	1061055	T	C	Y	rs6604971	.	4	0	6	het
BJW-1005942	chr1	1062361	G	C	Y	rs9442360	.	2	0	7	het
BJW-1005988	chr1	1063114	C	A	Y	rs11581141	.	3	0	9	het
BJW-1006316	chr1	1066927	C	A	Y	rs4970357	.	2	0	4	het
BJW-1006658	chr1	1070149	G	A	Y	rs1539638	.	3	0	3	.
BJW-1007241	chr1	1076042	T	C	.	novel	.	2	0	2	.
BJW-1007605	chr1	1079873	C	A	Y	rs9442361	.	2	0	4	het
BJW-1007616	chr1	1080031	C	A	.	novel	.	3	0	6	het
BJW-1007617	chr1	1080032	G	C	.	novel	.	3	0	6	het
BJW-1007618	chr1	1080033	A	G	.	novel	.	3	0	6	het
BJW-1007643	chr1	1080440	A	G	Y	rs6604972	.	1	0	3	het
BJW-1007941	chr1	1083926	T	C	Y	rs7551688	.	2	0	2	.
BJW-1008122	chr1	1084993	T	C	.	novel	.	2	0	4	het
BJW-1008145	chr1	1085246	G	A	Y	rs6604973	.	5	0	11	het
BJW-1008215	chr1	1086771	T	C	Y	rs1539636	.	2	0	3	het
BJW-1008224	chr1	1086963	C	T	Y	rs1539634	.	3	0	3	.
BJW-1008230	chr1	1087800	A	G	Y	rs1891907	.	1	0	1	.
BJW-1008273	chr1	1089205	A	C	Y	rs9660710	.	2	0	3	het
BJW-1008276	chr1	1089300	G	A	Y	rs11584885	.	1	0	2	het
BJW-1008332	chr1	1090080	C	T	Y	rs1891905	.	2	0	2	.
BJW-1008344	chr1	1090182	C	A	Y	rs1891904	.	3	0	5	het
BJW-1008394	chr1	1090866	C	T	Y	rs7549819	.	4	0	5	het
BJW-1008527	chr1	1091932	A	G	Y	rs9442386	.	2	0	2	.
BJW-1008562	chr1	1093013	G	A	.	novel	.	2	0	5	het
BJW-1008577	chr1	1093405	T	C	Y	rs7518873	.	1	0	1	.
BJW-1008586	chr1	1093821	T	G	Y	rs7521584	.	4	0	5	het
BJW-1008709	chr1	1095924	G	A	Y	rs6656236	.	2	0	3	het
BJW-1008881	chr1	1098405	A	G	.	novel	.	3	0	6	het
BJW-1008949	chr1	1099933	G	A	.	novel	.	2	0	4	het
BJW-1009825	chr1	1110170	G	A	Y	rs7539911	.	3	0	5	het
BJW-1009898	chr1	1110877	G	A	Y	rs3813204	.	2	0	4	het
BJW-1009929	chr1	1111204	C	T	Y	rs4297230	.	2	0	3	het
BJW-1009988	chr1	1111887	T	C	Y	rs4314833	.	6	0	9	het
BJW-1010092	chr1	1112778	A	G	Y	rs28595293	.	1	0	1	.
BJW-1010162	chr1	1114120	A	G	Y	rs10907172	.	3	0	3	.
BJW-1010168	chr1	1114262	C	G	Y	rs10907173	.	1	0	4	het
BJW-1010195	chr1	1114526	G	A	Y	rs6684820	.	6	0	7	het
BJW-1010204	chr1	1114613	T	C	Y	rs6702156	.	4	0	7	het
BJW-1010224	chr1	1114754	G	A	.	novel	.	5	0	5	.
BJW-1010241	chr1	1114973	T	C	Y	rs12124436	.	4	0	6	het
BJW-1010251	chr1	1115211	T	C	Y	rs12029885	.	1	0	1	?
BJW-1010262	chr1	1115416	A	T	Y	rs10907174	.	2	0	2	.
BJW-1010452	chr1	1116857	G	A	Y	rs2094830	.	3	0	5	het
BJW-1010491	chr1	1117243	G	A	Y	rs11260553	.	1	0	1	.
BJW-1010502	chr1	1117370	G	A	Y	rs12021582	.	1	0	1	.
BJW-1010511	chr1	1117544	G	A	.	novel	.	6	0	7	het
BJW-1010526	chr1	1117706	G	A	.	novel	.	2	0	3	het
BJW-1010579	chr1	1118292	G	A	.	novel	.	3	0	3	.
BJW-1010763	chr1	1119956	C	T	Y	rs12026524	.	3	0	4	het
BJW-1010774	chr1	1120069	G	A	Y	rs11260556	.	2	0	2	?
BJW-1010786	chr1	1120343	G	A	Y	rs9659772	.	3	0	3	?
BJW-1011025	chr1	1122648	C	T	Y	rs2274792	.	1	0	2	het
BJW-1011193	chr1	1124496	C	T	Y	rs11260558	.	1	0	3	het
BJW-1011216	chr1	1124570	G	A	Y	rs9727747	.	2	0	2	.
BJW-1011288	chr1	1125105	A	C	Y	rs9729550	.	2	0	3	het
BJW-1011611	chr1	1128580	G	A	.	novel	.	5	0	10	het
BJW-1011723	chr1	1130298	G	T	Y	rs1815606	.	1	0	4	het
BJW-1012223	chr1	1137285	C	T	Y	rs17568	.	1	0	1	.
BJW-1013017	chr1	1148494	A	G	Y	rs6603781	.	2	0	3	het
BJW-1013042	chr1	1149380	T	C	Y	rs6702268	.	3	0	3	.
BJW-1013513	chr1	1158479	C	T	.	novel	.	2	0	4	het
BJW-1015656	chr1	1186726	T	C	Y	rs6659787	.	2	0	4	het
BJW-1017410	chr1	1205287	T	C	Y	rs1268339	.	1	0	7	het
BJW-1018469	chr1	1215894	A	G	.	novel	.	3	0	4	het
BJW-1018472	chr1	1216620	G	A	Y	rs6690013	.	2	0	3	het
BJW-1018475	chr1	1217112	T	C	Y	rs621668	.	2	0	5	het
BJW-1018486	chr1	1219543	G	T	Y	rs2477781	.	3	0	3	.
BJW-1018489	chr1	1220282	T	C	Y	rs1272959	.	1	0	3	het
BJW-1018490	chr1	1220552	C	T	Y	rs1749952	.	3	0	4	het
BJW-1018491	chr1	1221519	G	A	Y	rs1749951	.	1	0	2	het
BJW-1018493	chr1	1222182	G	A	Y	rs604618	.	2	0	3	het
BJW-1018498	chr1	1223804	T	C	Y	rs1739855	.	1	0	5	het
BJW-1018499	chr1	1225573	T	A	Y	rs640712	.	1	0	7	het
BJW-1018504	chr1	1227467	T	C	Y	rs2296475	.	2	0	5	het
BJW-1018506	chr1	1229202	T	G	Y	rs11260584	.	2	0	4	het
BJW-1018507	chr1	1229816	A	G	Y	rs10399878	.	2	0	6	het
BJW-1018511	chr1	1231392	A	G	Y	rs1536168	.	2	0	6	het
BJW-1018512	chr1	1231398	C	A	.	novel	.	2	0	6	het
BJW-1018513	chr1	1231663	A	G	Y	rs3737720	.	1	0	4	het
BJW-1018519	chr1	1235231	G	A	Y	rs11590283	.	1	0	4	het
BJW-1018520	chr1	1235867	A	G	Y	rs2296474	.	5	0	6	het
BJW-1018525	chr1	1239050	G	A	Y	rs12142199	.	1	0	2	het
BJW-1018528	chr1	1240270	G	T	.	novel	.	2	0	9	het
BJW-1018538	chr1	1243999	G	A	Y	rs4970432	.	3	0	5	het
BJW-1018541	chr1	1244704	C	G	Y	rs10907179	.	1	0	3	het
BJW-1018546	chr1	1247456	A	G	Y	rs1810745	.	2	0	2	.
BJW-1018554	chr1	1250596	A	C	Y	rs307346	.	1	0	3	het
BJW-1018619	chr1	1256339	A	G	Y	rs3855954.1	.	4	0	4	?
BJW-1018671	chr1	1262979	A	G	Y	rs307371	.	2	0	2	.
BJW-1018674	chr1	1263141	A	G	Y	rs307370	.	4	0	5	het
BJW-1018684	chr1	1267396	T	C	Y	rs17854636	.	6	0	6	?
BJW-1018801	chr1	1276760	G	C	Y	rs34380086	.	2	0	2	.
BJW-1018802	chr1	1276830	A	G	Y	rs307379	.	1	0	1	.
BJW-1018837	chr1	1279774	G	A	Y	rs4970365	.	4	0	4	.
BJW-1018843	chr1	1282289	C	G	Y	rs35694341	.	1	0	2	het
BJW-1018845	chr1	1282612	C	T	Y	rs35993679	.	1	0	1	.
BJW-1018852	chr1	1283627	G	C	Y	rs34841888	.	1	0	2	het
BJW-1018868	chr1	1285186	G	A	Y	rs34389364	.	2	0	2	?
BJW-1018869	chr1	1285266	T	C	Y	rs34876581	.	1	0	1	.
BJW-1018870	chr1	1285545	A	G	.	novel	.	3	0	3	?
BJW-1018873	chr1	1286016	T	G	Y	rs2765027	.	1	0	1	?
BJW-1018874	chr1	1286922	G	A	Y	rs35056373.1	.	2	0	6	het
BJW-1018896	chr1	1292271	A	G	.	novel	.	4	0	4	?
BJW-1018897	chr1	1295356	A	G	Y	rs2649599.1	.	3	0	3	?
BJW-1018900	chr1	1300531	A	C	Y	rs2242398	.	5	0	5	?
BJW-1018901	chr1	1300787	T	C	Y	rs2765033	.	3	0	3	.
BJW-1018902	chr1	1300838	C	T	.	novel	.	3	0	3	.
BJW-1018903	chr1	1303878	C	T	Y	rs2649588	.	1	0	1	?
BJW-1021708	chr1	1443236	A	G	Y	rs7531221	.	2	0	2	.
BJW-1022696	chr1	1459409	G	A	Y	rs3128344	.	2	0	2	?
BJW-1022897	chr1	1462403	T	G	Y	rs1571148	.	1	0	2	het
BJW-1022937	chr1	1462736	T	A	Y	rs4259576	.	3	0	6	het
BJW-1022979	chr1	1464167	C	A	Y	rs1571150	.	3	0	6	het
BJW-1022987	chr1	1464734	G	C	Y	rs9439465	.	1	0	6	het
BJW-1023035	chr1	1467107	T	C	Y	rs7290	.	2	0	4	het
BJW-1023075	chr1	1468743	T	G	Y	rs6665973	.	1	0	3	het
BJW-1023098	chr1	1471038	C	A	Y	rs9329413	.	1	0	6	het
BJW-1023303	chr1	1472873	G	A	Y	rs7517401	.	1	0	7	het
BJW-1023945	chr1	1479791	T	C	Y	rs7366884	.	2	0	6	het
BJW-1023979	chr1	1479937	A	G	Y	rs7366635	.	1	0	4	het
BJW-1024033	chr1	1480422	A	G	Y	rs3820075	.	2	0	3	het
BJW-1024158	chr1	1484218	T	C	Y	rs3118509	.	1	0	1	.
BJW-1024207	chr1	1485056	A	G	Y	rs3118508	.	3	0	4	het
BJW-1024211	chr1	1485122	G	A	.	novel	.	2	0	4	het
BJW-1024286	chr1	1486008	T	C	Y	rs12410854	.	4	0	7	het
BJW-1024339	chr1	1486871	T	C	Y	rs3766170	.	1	0	2	het
BJW-1024392	chr1	1487687	C	T	Y	rs2296716	.	3	0	5	het
BJW-1024473	chr1	1489161	A	G	Y	rs9439468	.	4	0	7	het
BJW-1024536	chr1	1490804	A	G	Y	rs6603791	.	2	0	9	het
BJW-1024537	chr1	1490927	T	G	Y	rs6656541	.	1	0	2	het
BJW-1024689	chr1	1493791	G	A	Y	rs7550471	.	2	0	5	het
BJW-1024744	chr1	1494904	T	C	Y	rs6603792	.	2	0	7	het
BJW-1024762	chr1	1495118	C	T	Y	rs6603793	.	1	0	6	het
BJW-1024801	chr1	1495898	G	A	Y	rs7540231	.	1	0	7	het
BJW-1024902	chr1	1497048	T	G	.	novel	.	2	0	5	het
BJW-1024903	chr1	1497049	G	T	.	novel	.	2	0	6	het
BJW-1025008	chr1	1498322	A	G	Y	rs9439473	.	5	0	5	?
BJW-1025058	chr1	1498897	T	C	Y	rs7520996	.	2	0	8	het
BJW-1025069	chr1	1499019	A	G	Y	rs7518083	.	4	0	10	het
BJW-1025196	chr1	1500664	C	T	Y	rs7519837	.	4	0	9	het
BJW-1026056	chr1	1510832	A	G	Y	rs6666084	.	1	0	3	het
BJW-1026073	chr1	1511143	C	T	Y	rs6679999	.	2	0	3	het
BJW-1026103	chr1	1511668	A	G	Y	rs4648786	.	2	0	6	het
BJW-1026154	chr1	1512199	T	C	Y	rs4648613	.	1	0	1	.
BJW-1026627	chr1	1516662	A	G	Y	rs12735276	.	3	0	4	het
BJW-1026654	chr1	1516946	T	C	Y	rs10157140	.	2	0	4	het
BJW-1026812	chr1	1519320	T	C	Y	rs28566709	.	2	0	4	het
BJW-1026816	chr1	1519374	T	C	Y	rs28662991	.	2	0	3	het
BJW-1026859	chr1	1519842	T	C	Y	rs4648788	.	2	0	2	.
BJW-1027039	chr1	1524477	T	C	Y	rs11552172	.	3	0	4	het
BJW-1027227	chr1	1527039	A	C	Y	rs4075469	.	1	0	6	het
BJW-1027247	chr1	1527300	C	T	Y	rs7554569	.	1	0	2	het
BJW-1027509	chr1	1529817	G	C	Y	rs4075275	.	4	0	4	.
BJW-1027743	chr1	1532515	G	A	.	novel	.	2	0	4	het
BJW-1027802	chr1	1533487	T	C	.	novel	.	6	0	9	het
BJW-1027954	chr1	1537429	A	G	Y	rs4369171	.	3	0	8	het
BJW-1027985	chr1	1538664	T	C	Y	rs9442430	.	2	0	3	het
BJW-1028009	chr1	1539012	C	T	Y	rs34501155	.	2	0	7	het
BJW-1028014	chr1	1539217	G	A	Y	rs12066	.	1	0	1	.
BJW-1028083	chr1	1540565	A	G	Y	rs4648611	.	1	0	3	het
BJW-1028221	chr1	1542618	T	C	Y	rs6604985	.	1	0	6	het
BJW-1028277	chr1	1543533	G	C	Y	rs9442410	.	2	0	3	het
BJW-1028311	chr1	1544225	G	A	Y	rs9442425	.	2	0	6	het
BJW-1028375	chr1	1545229	T	C	Y	rs9329576	.	2	0	7	het
BJW-1028395	chr1	1545852	G	A	Y	rs7543265	.	2	0	5	het
BJW-1028438	chr1	1546595	G	A	Y	rs34983251	.	3	0	5	het
BJW-1028495	chr1	1547538	G	C	Y	rs28710339	.	1	0	6	het
BJW-1028589	chr1	1548655	T	C	Y	rs12755088	.	5	0	6	het
BJW-1028664	chr1	1549834	C	T	Y	rs12748433	.	1	0	1	.
BJW-1028806	chr1	1552300	C	G	Y	rs28510084	.	2	0	3	het
BJW-1028814	chr1	1552399	G	A	Y	rs11544452	.	1	0	7	het
BJW-1028968	chr1	1554575	G	T	.	novel	.	2	0	6	het
BJW-1029067	chr1	1556023	T	C	Y	rs28464684	.	1	0	1	.
BJW-1029442	chr1	1559902	G	C	Y	rs2235535	.	3	0	3	.
BJW-1029453	chr1	1560083	C	A	Y	rs2072930	.	1	0	11	het
BJW-1029812	chr1	1563882	A	G	Y	rs9442412	.	1	0	2	het
BJW-1029815	chr1	1563939	G	A	Y	rs9442413	.	1	0	3	het
BJW-1029884	chr1	1564572	T	G	Y	rs28401288	.	1	0	1	.
BJW-1029943	chr1	1565479	T	C	Y	rs28394074	.	3	0	3	?
BJW-1030345	chr1	1571576	A	C	.	novel	.	2	0	2	?
BJW-1030361	chr1	1571789	G	T	.	novel	.	4	0	9	het
BJW-1030376	chr1	1571969	T	C	Y	rs4648753	.	7	0	7	?
BJW-1030387	chr1	1572065	C	T	.	novel	.	4	0	7	het
BJW-1030470	chr1	1572657	C	A	Y	rs4648754	.	3	0	3	?
BJW-1030507	chr1	1572824	G	C	Y	rs3820001	.	2	0	3	het
BJW-1030581	chr1	1573865	A	G	Y	rs6691927	.	3	0	3	?
BJW-1030596	chr1	1574081	T	C	Y	rs4648607	.	2	0	2	.
BJW-1030633	chr1	1574456	C	A	Y	rs12749364	.	1	0	4	het
BJW-1030651	chr1	1574628	G	A	Y	rs12738319	.	3	0	4	het
BJW-1030659	chr1	1574705	C	T	Y	rs12753686	.	4	0	4	.
BJW-1030666	chr1	1574781	C	T	Y	rs12753729	.	1	0	1	.
BJW-1030781	chr1	1576615	T	C	Y	rs11486023	.	3	0	5	het
BJW-1030949	chr1	1578580	G	A	.	novel	.	3	0	5	het
BJW-1030951	chr1	1578600	C	T	.	novel	.	3	0	5	het
BJW-1030952	chr1	1578606	A	T	.	novel	.	3	0	5	het
BJW-1031047	chr1	1580190	A	G	Y	rs7547516	.	3	0	4	het
BJW-1031073	chr1	1580544	G	A	Y	rs9661500	.	1	0	1	.
BJW-1031239	chr1	1582493	A	C	Y	rs4648771	.	3	0	4	het
BJW-1031269	chr1	1582744	A	C	Y	rs4648774	.	2	0	3	het
BJW-1031279	chr1	1582886	G	C	Y	rs1062088	.	1	0	4	het
BJW-1031399	chr1	1584178	C	T	Y	rs1061892	.	9	0	9	.
BJW-1031411	chr1	1584361	C	T	Y	rs7416520	.	1	0	1	.
BJW-1031457	chr1	1585263	A	G	Y	rs4313339	.	2	0	2	.
BJW-1031463	chr1	1585401	T	C	Y	rs6700227	.	2	0	6	het
BJW-1031479	chr1	1585730	C	A	Y	rs4443835	.	6	0	6	?
BJW-1031507	chr1	1586167	G	A	Y	rs1109645	.	2	0	7	het
BJW-1031579	chr1	1586837	C	T	Y	rs4074020	.	2	0	4	het
BJW-1031750	chr1	1589024	A	G	Y	rs6604981	.	2	0	3	het
BJW-1031764	chr1	1589224	A	G	Y	rs6662227	.	2	0	3	het
BJW-1031769	chr1	1589410	C	T	Y	rs12725286	.	4	0	4	.
BJW-1031805	chr1	1589675	C	T	Y	rs12729295	.	2	0	2	.
BJW-1031812	chr1	1589751	A	G	Y	rs2072923	.	4	0	4	?
BJW-1032083	chr1	1592399	G	C	Y	rs4648609	.	5	0	6	het
BJW-1032094	chr1	1592450	C	T	Y	rs4233029	.	4	0	6	het
BJW-1032106	chr1	1592650	G	T	Y	rs4639697	.	2	0	3	het
BJW-1032120	chr1	1593026	C	T	Y	rs7532034	.	1	0	8	het
BJW-1032134	chr1	1593297	G	T	Y	rs6699975	.	3	0	6	het
BJW-1032135	chr1	1593457	G	A	Y	rs4648779	.	3	0	3	?
BJW-1032139	chr1	1594362	G	A	Y	rs36048328	.	1	0	2	het
BJW-1032345	chr1	1598092	C	T	.	novel	.	2	0	2	.
BJW-1032359	chr1	1598257	C	T	Y	rs1973905	.	3	0	3	?
BJW-1032669	chr1	1601516	T	C	Y	rs6695303	.	1	0	6	het
BJW-1032802	chr1	1602466	G	A	Y	rs4074198	.	1	0	3	het
BJW-1033036	chr1	1605211	A	C	Y	rs7520934	.	4	0	11	het
BJW-1033278	chr1	1607449	T	G	Y	rs28736713	.	1	0	1	?
BJW-1033335	chr1	1608184	T	C	Y	rs28367203	.	1	0	3	het
BJW-1033355	chr1	1608363	C	T	Y	rs28463291	.	1	0	3	het
BJW-1033369	chr1	1608538	T	G	Y	rs28541555	.	1	0	4	het
BJW-1033509	chr1	1609630	T	C	Y	rs9442411	.	5	0	5	.
BJW-1033852	chr1	1613585	C	A	Y	rs7542306	.	1	0	4	het
BJW-1034244	chr1	1617665	A	C	Y	rs601141	.	1	0	5	het
BJW-1034335	chr1	1618571	G	A	Y	rs12081891	.	1	0	4	het
BJW-1034356	chr1	1618766	G	A	.	novel	.	4	0	7	het
BJW-1034396	chr1	1619339	G	C	.	novel	.	2	0	5	het
BJW-1034398	chr1	1619347	T	C	Y	rs34716550	.	4	0	5	het
BJW-1034731	chr1	1623238	C	A	.	novel	.	3	0	3	?
BJW-1034916	chr1	1624864	T	C	Y	rs874516	.	1	0	3	het
BJW-1034993	chr1	1625479	T	C	Y	rs2076329	.	4	0	5	het
BJW-1035011	chr1	1625609	C	A	Y	rs1136997.1	.	1	0	1	?
BJW-1035042	chr1	1625904	G	A	Y	rs1059822	.	2	0	2	?
BJW-1035065	chr1	1626134	C	T	Y	rs2179381	.	6	0	8	het
BJW-1035166	chr1	1627865	G	C	Y	rs17162876	.	4	0	7	het
BJW-1035229	chr1	1628757	A	G	Y	rs1059828	.	2	0	3	het
BJW-1035734	chr1	1634696	G	A	Y	rs2179382	.	1	0	2	het
BJW-1035747	chr1	1634768	C	T	Y	rs2179383	.	1	0	1	.
BJW-1035771	chr1	1635050	T	C	Y	rs4279785.1	.	3	0	4	het
BJW-1035898	chr1	1636434	T	C	Y	rs760925	.	2	0	2	.
BJW-1035909	chr1	1636517	T	C	Y	rs760926	.	3	0	3	?
BJW-1035924	chr1	1636649	T	C	Y	rs760927	.	1	0	1	?
BJW-1035961	chr1	1637159	C	T	Y	rs760928	.	2	0	2	.
BJW-1035962	chr1	1637161	G	A	Y	rs760929	.	2	0	3	het
BJW-1036039	chr1	1637788	A	G	Y	rs1883424	.	1	0	12	het
BJW-1036052	chr1	1637887	T	C	.	novel	.	2	0	4	het
BJW-1036114	chr1	1638484	C	A	.	novel	.	4	0	7	het
BJW-1036115	chr1	1638485	A	G	.	novel	.	2	0	7	het
BJW-1036117	chr1	1638496	A	C	.	novel	.	2	0	8	het
BJW-1036119	chr1	1638502	T	C	.	novel	.	2	0	8	het
BJW-1036154	chr1	1638640	A	C	.	novel	.	2	0	13	het
BJW-1036156	chr1	1638645	G	C	.	novel	.	2	0	12	het
BJW-1036172	chr1	1638691	T	C	.	novel	.	2	0	12	het
BJW-1036186	chr1	1638806	T	C	Y	rs909824	.	2	0	7	het
BJW-1036189	chr1	1638825	C	T	.	novel	.	2	0	5	het
BJW-1036342	chr1	1640657	A	G	Y	rs17845217	.	1	0	5	het
BJW-1036389	chr1	1641126	A	G	Y	rs12137617	.	5	0	5	.
BJW-1036462	chr1	1642086	A	G	Y	rs4648777	.	2	0	4	het
BJW-1036588	chr1	1643659	C	T	Y	rs2223485	.	4	0	4	?
BJW-1036598	chr1	1643745	C	A	.	novel	.	5	0	5	?
BJW-1036822	chr1	1645788	G	C	Y	rs28649027	.	1	0	3	het
BJW-1036884	chr1	1646881	T	C	Y	rs9439499	.	2	0	5	het
BJW-1036889	chr1	1646938	A	G	Y	rs9439500	.	4	0	5	het
BJW-1036905	chr1	1647044	C	G	Y	rs4648784	.	2	0	3	het
BJW-1037019	chr1	1647948	G	A	Y	rs12059077	.	1	0	4	het
BJW-1037090	chr1	1648508	C	T	.	novel	.	2	0	5	het
BJW-1037138	chr1	1648805	T	C	Y	rs1062057.1	.	2	0	4	het
BJW-1037311	chr1	1649970	C	A	Y	rs1801781	.	8	0	8	?
BJW-1037367	chr1	1650495	T	G	Y	rs2377220	.	3	0	3	.
BJW-1037395	chr1	1650672	A	G	Y	rs1061881	.	1	0	6	het
BJW-1037396	chr1	1650702	C	T	Y	rs28533560	.	3	0	3	.
BJW-1037436	chr1	1651158	A	G	Y	rs1546882	.	3	0	4	het
BJW-1037482	chr1	1651719	G	A	Y	rs1061880	.	1	0	1	.
BJW-1037524	chr1	1652288	A	G	Y	rs2281171	.	4	0	4	.
BJW-1037534	chr1	1652392	G	C	Y	rs2281172	.	1	0	1	.
BJW-1037555	chr1	1652755	A	G	.	novel	.	2	0	3	het
BJW-1037630	chr1	1653691	C	T	Y	rs3817856	.	1	0	2	het
BJW-1037654	chr1	1653879	T	C	Y	rs2294488	.	4	0	4	.
BJW-1037685	chr1	1653984	T	C	Y	rs2294489	.	2	0	2	?
BJW-1037835	chr1	1656035	C	T	.	novel	.	2	0	5	het
BJW-1037841	chr1	1656111	G	A	Y	rs34990109.1	.	2	0	3	het
BJW-1037869	chr1	1656475	C	T	Y	rs2076325	.	1	0	1	.
BJW-1037873	chr1	1656585	G	A	.	novel	.	3	0	3	?
BJW-1037938	chr1	1657113	T	C	Y	rs1474648	.	3	0	3	?
BJW-1037956	chr1	1657231	A	G	Y	rs1474649	.	4	0	4	.
BJW-1038144	chr1	1659088	T	C	Y	rs11485870	.	2	0	2	.
BJW-1038164	chr1	1659426	C	T	Y	rs9442408	.	2	0	6	het
BJW-1038169	chr1	1659594	G	T	.	novel	.	3	0	3	.
BJW-1038192	chr1	1660292	T	C	Y	rs17339526.1	.	2	0	6	het
BJW-1038198	chr1	1660430	T	C	.	novel	.	3	0	3	?
BJW-1038272	chr1	1661726	A	T	Y	rs7364986	.	3	0	3	?
BJW-1038283	chr1	1662002	C	T	.	novel	.	2	0	3	het
BJW-1038552	chr1	1666698	T	G	Y	rs1997726.1	.	1	0	2	het
BJW-1038590	chr1	1667562	C	T	.	novel	.	2	0	2	?
BJW-1038921	chr1	1670811	C	T	Y	rs1973906	.	1	0	1	?
BJW-1038988	chr1	1671264	G	T	.	novel	.	2	0	6	het
BJW-1039013	chr1	1671579	A	G	Y	rs489788	.	1	0	1	.
BJW-1039086	chr1	1672234	G	A	Y	rs4648812	.	1	0	3	het
BJW-1039216	chr1	1673425	G	A	Y	rs12588.1	.	3	0	3	?
BJW-1039295	chr1	1673923	C	T	Y	rs2235534	.	1	0	3	het
BJW-1039456	chr1	1675073	C	G	Y	rs2072928	.	4	0	5	het
BJW-1039519	chr1	1675900	G	T	Y	rs4751	.	2	0	8	het
BJW-1039667	chr1	1677485	T	C	Y	rs34306661	.	2	0	3	het
BJW-1039685	chr1	1677688	C	T	Y	rs34258219	.	5	0	6	het
BJW-1039790	chr1	1679622	T	C	Y	rs2235537	.	3	0	7	het
BJW-1039991	chr1	1681621	G	A	.	novel	.	3	0	8	het
BJW-1040083	chr1	1682181	T	C	Y	rs1107910	.	4	0	5	het
BJW-1040279	chr1	1683963	A	G	Y	rs2011384	.	5	0	5	.
BJW-1040517	chr1	1685691	C	T	Y	rs17162855	.	9	0	9	.
BJW-1040589	chr1	1686194	A	C	Y	rs35270315	.	2	0	2	.
BJW-1040620	chr1	1686519	A	G	Y	rs5021859	.	1	0	2	het
BJW-1040800	chr1	1688231	T	G	.	novel	.	2	0	4	het
BJW-1040844	chr1	1688667	C	G	Y	rs4648826	.	1	0	2	het
BJW-1040918	chr1	1689061	C	A	Y	rs4648827	.	2	0	4	het
BJW-1041419	chr1	1694514	C	A	.	novel	.	2	0	7	het
BJW-1041523	chr1	1695996	T	C	Y	rs6603811	.	1	0	3	het
BJW-1041824	chr1	1698661	A	G	Y	rs12044597	.	2	0	7	het
BJW-1042101	chr1	1702090	C	T	Y	rs10907194	.	1	0	2	het
BJW-1042146	chr1	1703574	T	G	Y	rs454577	.	3	0	4	het
BJW-1042163	chr1	1703729	T	G	Y	rs7534617	.	1	0	1	.
BJW-1042237	chr1	1704871	C	A	Y	rs742359	.	8	0	11	het
BJW-1042748	chr1	1712688	G	A	Y	rs3737627	.	1	0	1	.
BJW-1042838	chr1	1714363	C	A	.	novel	.	2	0	2	.
BJW-1042840	chr1	1714364	A	C	.	novel	.	2	0	2	.
BJW-1042866	chr1	1715121	A	G	Y	rs7545812	.	3	0	4	het
BJW-1042902	chr1	1715620	C	T	Y	rs6690956	.	1	0	2	het
BJW-1043153	chr1	1718547	C	G	Y	rs6603794	.	1	0	1	.
BJW-1043459	chr1	1724830	C	T	Y	rs12077553	.	6	0	7	het
BJW-1043541	chr1	1726513	T	G	Y	rs12134783	.	3	0	5	het
BJW-1043553	chr1	1726715	A	G	Y	rs11260613	.	2	0	3	het
BJW-1043801	chr1	1731385	A	G	Y	rs12407008	.	1	0	2	het
BJW-1044051	chr1	1733967	T	C	Y	rs6603795	.	6	0	9	het
BJW-1044937	chr1	1742815	C	T	Y	rs4648726	.	2	0	3	het
BJW-1044978	chr1	1743224	T	C	Y	rs7542340	.	2	0	4	het
BJW-1045570	chr1	1750849	A	C	Y	rs12568603	.	2	0	6	het
BJW-1045678	chr1	1752558	T	C	Y	rs6603796	.	4	0	5	het
BJW-1045833	chr1	1755443	T	C	Y	rs6603797	.	2	0	2	.
BJW-1045845	chr1	1756219	A	G	Y	rs6603798	.	2	0	2	?
BJW-1045952	chr1	1758754	C	T	Y	rs10907188	.	1	0	2	het
BJW-1046030	chr1	1759918	T	C	Y	rs6603799	.	5	0	10	het
BJW-1046094	chr1	1760648	C	G	Y	rs6657357	.	5	0	5	.
BJW-1046095	chr1	1760649	T	A	Y	rs6665287	.	5	0	5	.
BJW-1046189	chr1	1762348	T	G	Y	rs6603800	.	7	0	7	.
BJW-1046287	chr1	1766129	C	A	Y	rs4648727	.	8	0	10	het
BJW-1046444	chr1	1768896	T	C	Y	rs6692959	.	6	0	8	het
BJW-1046564	chr1	1770738	T	C	Y	rs6603801	.	1	0	2	het
BJW-1046571	chr1	1771205	G	A	Y	rs6664578	.	1	0	1	.
BJW-1046627	chr1	1772480	C	T	Y	rs12066667	.	1	0	1	.
BJW-1046671	chr1	1773061	G	A	Y	rs12402876	.	3	0	3	.
BJW-1046703	chr1	1773444	G	A	Y	rs7526236	.	1	0	2	het
BJW-1047485	chr1	1780338	T	G	.	novel	.	2	0	3	het
BJW-1047486	chr1	1780340	G	T	.	novel	.	2	0	3	het
BJW-1047622	chr1	1782863	A	G	Y	rs1889678	.	4	0	5	het
BJW-1047676	chr1	1783646	A	C	Y	rs7511905	.	4	0	4	.
BJW-1047893	chr1	1785347	A	C	Y	rs6660452	.	1	0	1	.
BJW-1047955	chr1	1787250	T	A	Y	rs6670246	.	1	0	3	het
BJW-1048103	chr1	1789560	T	C	Y	rs4648591	.	3	0	4	het
BJW-1048125	chr1	1789813	T	C	Y	rs7516995	.	3	0	8	het
BJW-1048326	chr1	1792032	A	G	Y	rs6666068	.	2	0	4	het
BJW-1048496	chr1	1794162	C	T	Y	rs3855951	.	3	0	4	het
BJW-1048866	chr1	1797928	G	A	.	novel	.	2	0	6	het
BJW-1048999	chr1	1799369	C	T	Y	rs11260624	.	2	0	2	.
BJW-1049046	chr1	1799950	C	T	Y	rs7525092	.	5	0	6	het
BJW-1049783	chr1	1809238	T	C	Y	rs6603804	.	2	0	4	het
BJW-1049821	chr1	1809966	A	C	Y	rs28608797	.	1	0	1	.
BJW-1049854	chr1	1811485	G	A	Y	rs6603805	.	1	0	3	het
BJW-1050014	chr1	1813415	G	C	.	novel	.	2	0	8	het
BJW-1050079	chr1	1813782	A	G	Y	rs6688000	.	2	0	2	.
BJW-1050369	chr1	1817241	G	A	.	novel	.	3	0	9	het
BJW-1050459	chr1	1818624	G	A	Y	rs12045595	.	3	0	3	.
BJW-1050479	chr1	1818981	C	A	.	novel	.	2	0	6	het
BJW-1050480	chr1	1818982	A	C	.	novel	.	2	0	4	het
BJW-1050707	chr1	1821118	A	G	Y	rs6603808	.	3	0	4	het
BJW-1050895	chr1	1823355	G	A	Y	rs10454464	.	2	0	3	het
BJW-1050933	chr1	1824608	A	G	Y	rs4648731	.	2	0	4	het
BJW-1051109	chr1	1827738	C	T	Y	rs4648732	.	2	0	3	het
BJW-1051156	chr1	1828376	C	A	Y	rs2377037	.	5	0	5	.
BJW-1051160	chr1	1828498	A	G	Y	rs28672079	.	3	0	3	.
BJW-1051252	chr1	1829898	T	C	Y	rs2474461	.	7	0	9	het
BJW-1051282	chr1	1830536	G	T	Y	rs28384316	.	1	0	1	.
BJW-1051530	chr1	1834553	C	T	Y	rs28842562	.	4	0	5	het
BJW-1051602	chr1	1835889	G	T	.	novel	.	2	0	11	het
BJW-1051641	chr1	1836321	C	T	.	novel	.	2	0	3	het
BJW-1051658	chr1	1836442	A	G	Y	rs2748987	.	3	0	4	het
BJW-1051895	chr1	1838594	A	G	Y	rs941532	.	4	0	4	.
BJW-1051970	chr1	1839996	C	T	Y	rs2295364	.	2	0	3	het
BJW-1052074	chr1	1841796	C	A	Y	rs2474458	.	1	0	3	het
BJW-1052081	chr1	1842344	A	G	Y	rs28508199	.	4	0	5	het
BJW-1052157	chr1	1843148	G	T	Y	rs1884454	.	2	0	3	het
BJW-1052274	chr1	1844181	A	G	Y	rs2250833	.	5	0	5	.
BJW-1052379	chr1	1845958	C	T	Y	rs752965	.	3	0	5	het
BJW-1052411	chr1	1846560	C	T	Y	rs2092922	.	2	0	4	het
BJW-1052471	chr1	1848991	C	T	Y	rs4648734	.	6	0	8	het
BJW-1052573	chr1	1850605	C	T	Y	rs28685049	.	1	0	1	.
BJW-1052825	chr1	1853265	T	C	.	novel	.	2	0	2	.
BJW-1053439	chr1	1860070	G	A	Y	rs2803323	.	2	0	3	het
BJW-1053650	chr1	1861277	T	C	Y	rs2803324	.	3	0	4	het
BJW-1053897	chr1	1863485	G	A	Y	rs12758705	.	2	0	5	het
BJW-1054016	chr1	1864441	A	G	Y	rs2803329	.	7	0	9	het
BJW-1054083	chr1	1865005	C	T	Y	rs2803331	.	3	0	4	het
BJW-1054119	chr1	1865127	A	G	Y	rs2262190	.	2	0	2	.
BJW-1054725	chr1	1868947	G	A	Y	rs28573337	.	2	0	2	.
BJW-1054768	chr1	1869336	T	A	Y	rs28635329	.	2	0	4	het
BJW-1054775	chr1	1869420	T	G	Y	rs28498068	.	3	0	12	het
BJW-1054797	chr1	1869599	T	A	Y	rs28617739	.	2	0	4	het
BJW-1054897	chr1	1871370	C	A	Y	rs2490541	.	4	0	4	.
BJW-1054923	chr1	1872147	A	G	Y	rs2490540	.	6	0	6	.
BJW-1055002	chr1	1872941	C	T	Y	rs28505085	.	2	0	8	het
BJW-1055032	chr1	1873219	A	G	Y	rs2490562	.	2	0	4	het
BJW-1055159	chr1	1874610	T	G	.	novel	.	2	0	4	het
BJW-1055160	chr1	1874612	G	T	.	novel	.	3	0	5	het
BJW-1055185	chr1	1874915	C	T	Y	rs2474455	.	2	0	5	het
BJW-1055372	chr1	1876719	C	T	Y	rs3795290	.	1	0	1	.
BJW-1055386	chr1	1876879	A	G	Y	rs28548017	.	4	0	4	.
BJW-1055403	chr1	1877105	G	A	Y	rs28575980	.	1	0	3	het
BJW-1055668	chr1	1879652	A	T	Y	rs2748973	.	1	0	3	het
BJW-1055791	chr1	1881337	A	G	Y	rs2748972	.	1	0	4	het
BJW-1055862	chr1	1882185	T	C	Y	rs2803291	.	1	0	2	het
BJW-1055916	chr1	1883521	T	C	Y	rs9777849	.	3	0	3	?
BJW-1055952	chr1	1884144	T	C	Y	rs4648739	.	2	0	8	het
BJW-1055955	chr1	1884198	A	C	Y	rs13303002	.	1	0	6	het
BJW-1056015	chr1	1885037	C	T	Y	rs7523728	.	2	0	6	het
BJW-1056067	chr1	1885962	G	A	Y	rs13302978	.	1	0	5	het
BJW-1056073	chr1	1886083	C	T	Y	rs13303202	.	1	0	1	.
BJW-1056084	chr1	1886300	G	A	Y	rs16824585	.	1	0	3	het
BJW-1056089	chr1	1886413	C	T	Y	rs28625839	.	3	0	4	het
BJW-1056108	chr1	1886866	C	T	Y	rs16824586	.	1	0	2	het
BJW-1056120	chr1	1887329	A	G	Y	rs28523363	.	1	0	4	het
BJW-1056124	chr1	1887451	C	T	Y	rs4648599	.	2	0	6	het
BJW-1056141	chr1	1887613	C	G	Y	rs4648600	.	4	0	6	het
BJW-1056163	chr1	1887905	G	A	Y	rs28712827	.	3	0	4	het
BJW-1056220	chr1	1888545	T	C	Y	rs17715950	.	1	0	2	het
BJW-1056230	chr1	1888688	T	C	Y	rs34824947	.	1	0	5	het
BJW-1056232	chr1	1888695	C	A	Y	rs34586002	.	1	0	4	het
BJW-1056239	chr1	1888798	G	A	Y	rs13303138	.	1	0	1	.
BJW-1056266	chr1	1889024	G	C	Y	rs17778128	.	1	0	3	het
BJW-1056319	chr1	1889721	C	T	Y	rs4648601	.	1	0	7	het
BJW-1056331	chr1	1890046	T	C	Y	rs35269416	.	1	0	3	het
BJW-1056332	chr1	1890092	T	C	Y	rs16824588	.	1	0	1	.
BJW-1056646	chr1	1892733	C	T	Y	rs7366028	.	4	0	11	het
BJW-1056693	chr1	1893163	C	T	Y	rs4648603	.	2	0	3	het
BJW-1056701	chr1	1893217	G	C	Y	rs13303329	.	1	0	3	het
BJW-1056730	chr1	1893572	C	A	Y	rs13303201	.	1	0	8	het
BJW-1056947	chr1	1895650	A	G	Y	rs16824603	.	1	0	5	het
BJW-1057055	chr1	1896956	A	G	Y	rs16824605	.	2	0	4	het
BJW-1057104	chr1	1897772	C	T	Y	rs7528894	.	4	0	8	het
BJW-1057114	chr1	1897865	T	C	Y	rs7536087	.	1	0	1	.
BJW-1057115	chr1	1897872	T	C	Y	rs28588807	.	1	0	1	.
BJW-1057116	chr1	1897899	C	T	Y	rs4388640	.	1	0	1	.
BJW-1057122	chr1	1897943	G	A	Y	rs7551350	.	1	0	1	?
BJW-1057123	chr1	1897945	A	G	Y	rs28410799	.	1	0	1	?
BJW-1057172	chr1	1898563	C	G	Y	rs4233027	.	2	0	4	het
BJW-1057221	chr1	1899064	A	G	Y	rs35953639	.	1	0	5	het
BJW-1057233	chr1	1899178	G	A	.	novel	.	5	0	8	het
BJW-1057261	chr1	1899413	T	A	Y	rs28680595	.	2	0	6	het
BJW-1057317	chr1	1899946	G	T	Y	rs28645949	.	1	0	7	het
BJW-1057457	chr1	1901179	A	G	Y	rs7553352	.	1	0	1	.
BJW-1057526	chr1	1902443	T	G	Y	rs4648742	.	3	0	5	het
BJW-1057719	chr1	1904347	A	G	Y	rs4648746	.	3	0	4	het
BJW-1057781	chr1	1906158	C	T	Y	rs13302999	.	2	0	6	het
BJW-1057799	chr1	1906389	C	T	Y	rs3795284	.	1	0	4	het
BJW-1057809	chr1	1906447	G	T	Y	rs3795283	.	1	0	2	het
BJW-1057836	chr1	1906750	C	T	Y	rs3795280	.	1	0	2	het
BJW-1057845	chr1	1906918	A	G	Y	rs34331632	.	1	0	2	het
BJW-1057899	chr1	1907731	T	A	Y	rs4648749	.	2	0	2	.
BJW-1057934	chr1	1908051	A	G	Y	rs4233028	.	7	0	7	.
BJW-1057964	chr1	1908348	A	G	Y	rs4350140	.	1	0	4	het
BJW-1057967	chr1	1908395	A	T	Y	rs4535948	.	2	0	4	het
BJW-1057969	chr1	1908444	C	T	Y	rs4603072	.	2	0	3	het
BJW-1058081	chr1	1910822	T	C	Y	rs13303020	.	6	0	6	.
BJW-1058119	chr1	1911102	A	G	Y	rs13303156	.	2	0	4	het
BJW-1058158	chr1	1912163	C	T	Y	rs13303195	.	2	0	3	het
BJW-1058170	chr1	1912512	T	C	Y	rs13303233	.	2	0	3	het
BJW-1058174	chr1	1912694	T	C	Y	rs6605075	.	1	0	5	het
BJW-1058273	chr1	1913866	G	A	.	novel	.	3	0	3	?
BJW-1058384	chr1	1915581	G	A	Y	rs6691182	.	3	0	4	het
BJW-1058401	chr1	1916138	A	T	Y	rs6667687	.	3	0	9	het
BJW-1058650	chr1	1919267	T	C	Y	rs6672175	.	1	0	8	het
BJW-1058697	chr1	1919526	A	G	Y	rs7532409	.	2	0	2	.
BJW-1058724	chr1	1919719	T	C	Y	rs7527169	.	1	0	3	het
BJW-1058802	chr1	1920251	C	G	Y	rs6605079	.	3	0	10	het
BJW-1058822	chr1	1920372	A	G	Y	rs6605080	.	2	0	9	het
BJW-1058842	chr1	1920614	C	T	Y	rs6605081	.	1	0	2	het
BJW-1058905	chr1	1921055	G	T	Y	rs13303031	.	2	0	5	het
BJW-1059073	chr1	1922327	G	A	Y	rs28588769	.	3	0	10	het
BJW-1059217	chr1	1923727	T	C	Y	rs4434797	.	1	0	5	het
BJW-1059260	chr1	1924507	C	G	Y	rs6682175	.	1	0	4	het
BJW-1059420	chr1	1925994	G	A	Y	rs13303219	.	1	0	7	het
BJW-1060009	chr1	1931893	C	A	Y	rs13303124	.	2	0	8	het
BJW-1060152	chr1	1933151	C	T	Y	rs6672254	.	4	0	8	het
BJW-1060387	chr1	1936451	G	A	Y	rs13303016	.	1	0	2	het
BJW-1060409	chr1	1936669	C	T	Y	rs4648752	.	1	0	3	het
BJW-1060608	chr1	1938665	T	C	Y	rs4481796	.	1	0	2	het
BJW-1060673	chr1	1939404	G	T	Y	rs3121818	.	2	0	7	het
BJW-1061042	chr1	1942470	T	C	Y	rs28407473	.	1	0	5	het
BJW-1061094	chr1	1943112	T	C	Y	rs3128321	.	1	0	2	het
BJW-1061145	chr1	1943672	C	T	Y	rs4648614	.	1	0	4	het
BJW-1061184	chr1	1944296	G	A	Y	rs3128322	.	1	0	2	het
BJW-1061212	chr1	1944940	G	A	Y	rs3128323	.	2	0	4	het
BJW-1061273	chr1	1946222	G	A	Y	rs2376805	.	2	0	6	het
BJW-1061321	chr1	1946897	T	C	Y	rs2229110	.	1	0	4	het
BJW-1061339	chr1	1947165	G	T	.	novel	.	2	0	6	het
BJW-1061584	chr1	1949838	C	T	Y	rs28409373	.	2	0	3	het
BJW-1061841	chr1	1953035	A	G	Y	rs13302932	.	1	0	4	het
BJW-1062108	chr1	1956519	A	G	Y	rs3128312	.	1	0	4	het
BJW-1062140	chr1	1956874	G	A	Y	rs13303120	.	1	0	2	het
BJW-1062236	chr1	1957814	C	T	Y	rs2376803	.	1	0	1	.
BJW-1062527	chr1	1961249	G	C	Y	rs3121820	.	3	0	6	het
BJW-1062806	chr1	1966472	C	T	.	novel	.	2	0	10	het
BJW-1062814	chr1	1966711	G	T	Y	rs28394674	.	2	0	6	het
BJW-1062929	chr1	1969186	T	C	Y	rs3128316	.	2	0	6	het
BJW-1062935	chr1	1969584	C	A	Y	rs3128317	.	2	0	9	het
BJW-1063147	chr1	1973068	C	T	Y	rs13303022	.	2	0	5	het
BJW-1063167	chr1	1973281	T	C	Y	rs4648795	.	2	0	5	het
BJW-1063248	chr1	1974087	C	T	Y	rs3128319	.	2	0	6	het
BJW-1063266	chr1	1974552	A	G	Y	rs3121826	.	3	0	6	het
BJW-1063269	chr1	1974671	G	T	Y	rs3121827	.	4	0	4	?
BJW-1063281	chr1	1975030	G	A	Y	rs35020387	.	1	0	6	het
BJW-1063665	chr1	1982837	G	T	Y	rs17777295	.	3	0	8	het
BJW-1064896	chr1	1995600	T	C	Y	rs2459986	.	1	0	2	het
BJW-1065117	chr1	1997534	A	G	Y	rs2803307	.	5	0	6	het
BJW-1065646	chr1	2004056	G	A	Y	rs28436686	.	1	0	5	het
BJW-1066575	chr1	2014367	T	C	Y	rs9729600	.	3	0	6	het
BJW-1066895	chr1	2017920	C	T	.	novel	.	3	0	6	het
BJW-1067523	chr1	2025239	A	G	Y	rs10910029	.	3	0	5	het
BJW-1067557	chr1	2025544	C	T	Y	rs10910030	.	1	0	5	het
BJW-1067569	chr1	2025659	G	A	Y	rs10752741	.	6	0	6	.
BJW-1067586	chr1	2025837	G	T	Y	rs10752742	.	1	0	1	.
BJW-1067612	chr1	2026123	G	A	Y	rs10797413	.	4	0	6	het
BJW-1067639	chr1	2026457	G	T	Y	rs3128332	.	2	0	3	het
BJW-1067743	chr1	2027243	T	G	Y	rs4648619	.	1	0	7	het
BJW-1067854	chr1	2028522	G	A	Y	rs3128334	.	3	0	3	.
BJW-1067876	chr1	2028753	G	A	Y	rs908744	.	5	0	5	.
BJW-1067952	chr1	2029381	G	T	Y	rs16824792	.	1	0	6	het
BJW-1067977	chr1	2029579	G	A	Y	rs1878752	.	1	0	5	het
BJW-1067986	chr1	2029956	T	C	Y	rs6666117	.	3	0	6	het
BJW-1067992	chr1	2030248	G	A	Y	rs6683011	.	4	0	4	.
BJW-1068010	chr1	2031015	C	T	Y	rs10910046	.	6	0	7	het
BJW-1068020	chr1	2031321	C	T	Y	rs12059660	.	4	0	4	.
BJW-1068155	chr1	2032403	A	G	Y	rs11584491	.	1	0	2	het
BJW-1068297	chr1	2033844	C	T	Y	rs3107141	.	3	0	3	.
BJW-1068356	chr1	2034402	T	C	Y	rs3107142	.	7	0	8	het
BJW-1068403	chr1	2035025	G	A	Y	rs1467217	.	1	0	2	het
BJW-1068461	chr1	2035742	A	G	Y	rs3128337	.	6	0	9	het
BJW-1068549	chr1	2036646	G	A	Y	rs3128338	.	2	0	2	.
BJW-1068566	chr1	2036798	G	T	Y	rs3128339	.	3	0	6	het
BJW-1068603	chr1	2037356	C	G	Y	rs3128340	.	2	0	3	het
BJW-1068712	chr1	2038589	G	A	Y	rs3107147	.	3	0	4	het
BJW-1068778	chr1	2039368	G	T	Y	rs3128290	.	1	0	1	.
BJW-1068880	chr1	2040785	T	A	Y	rs3107150	.	4	0	5	het
BJW-1068907	chr1	2041373	T	G	Y	rs3107151	.	2	0	7	het
BJW-1068963	chr1	2042357	T	C	Y	rs3107152	.	2	0	4	het
BJW-1068968	chr1	2042588	T	A	.	novel	.	4	0	6	het
BJW-1069105	chr1	2045975	A	G	.	novel	.	3	0	5	het
BJW-1069285	chr1	2047610	A	C	Y	rs3107154	.	1	0	2	het
BJW-1069306	chr1	2047883	A	G	Y	rs3128291	.	1	0	5	het
BJW-1069468	chr1	2049918	C	T	Y	rs28719902	.	2	0	3	het
BJW-1069525	chr1	2050384	T	C	Y	rs3107155	.	4	0	8	het
BJW-1069533	chr1	2050490	T	C	Y	rs3107156	.	6	0	10	het
BJW-1069544	chr1	2050592	C	T	Y	rs10797427	.	10	0	11	het
BJW-1069660	chr1	2051829	T	C	Y	rs3107157	.	1	0	1	.
BJW-1069748	chr1	2053024	G	A	Y	rs2222217	.	2	0	4	het
BJW-1069886	chr1	2055439	G	T	.	novel	.	3	0	7	het
BJW-1070095	chr1	2058340	C	T	Y	rs3128295	.	6	0	7	het
BJW-1070120	chr1	2058766	G	T	Y	rs3128296	.	1	0	2	het
BJW-1070194	chr1	2060181	T	C	Y	rs411021	.	5	0	5	.
BJW-1070282	chr1	2061200	C	A	Y	rs424079	.	3	0	5	het
BJW-1070299	chr1	2061416	A	G	Y	rs436045	.	2	0	2	.
BJW-1070310	chr1	2061625	A	G	Y	rs364677	.	1	0	1	.
BJW-1070437	chr1	2062860	A	G	Y	rs2945573	.	7	0	8	het
BJW-1070718	chr1	2065111	A	G	Y	rs2503706	.	2	0	6	het
BJW-1071284	chr1	2072621	G	T	.	novel	.	3	0	14	het
BJW-1071618	chr1	2076421	A	G	Y	rs2459983	.	2	0	6	het
BJW-1071880	chr1	2080242	T	G	.	novel	.	2	0	3	het
BJW-1071881	chr1	2080243	G	T	.	novel	.	2	0	3	het
BJW-1073605	chr1	2100708	T	G	Y	rs11587831	.	1	0	7	het
BJW-1074321	chr1	2110978	C	T	Y	rs2503701	.	1	0	4	het
BJW-1075762	chr1	2129167	C	T	Y	rs2503713	.	1	0	1	.
BJW-1076244	chr1	2133967	A	G	Y	rs2503715	.	3	0	3	.
BJW-1076295	chr1	2134648	A	G	Y	rs262695	.	1	0	3	het
BJW-1076325	chr1	2134842	G	T	Y	rs2480714	.	5	0	6	het
BJW-1076438	chr1	2136826	T	C	Y	rs7512482	.	1	0	2	het
BJW-1076504	chr1	2139152	C	T	Y	rs2503716	.	1	0	3	het
BJW-1077055	chr1	2146222	A	G	Y	rs2460000	.	1	0	4	het
BJW-1077102	chr1	2146859	G	C	Y	rs2480712	.	1	0	2	het
BJW-1077192	chr1	2147808	T	C	Y	rs1692580	.	1	0	5	het
BJW-1077513	chr1	2151350	C	T	Y	rs3765930	.	2	0	4	het
BJW-1077737	chr1	2153428	C	T	Y	rs263533	.	2	0	7	het
BJW-1077759	chr1	2153976	T	C	Y	rs263532	.	1	0	3	het
BJW-1077803	chr1	2154683	G	T	Y	rs11577042	.	1	0	6	het
BJW-1077821	chr1	2154795	G	T	Y	rs263531	.	3	0	6	het
BJW-1077988	chr1	2156270	T	C	Y	rs263530	.	1	0	4	het
BJW-1078058	chr1	2157009	C	T	Y	rs262680	.	4	0	8	het
BJW-1078152	chr1	2159075	G	A	Y	rs696094	.	6	0	7	het
BJW-1078206	chr1	2159652	C	T	Y	rs262679	.	5	0	9	het
BJW-1078249	chr1	2160091	C	T	Y	rs698696	.	2	0	2	.
BJW-1078697	chr1	2163364	T	C	Y	rs263526	.	4	0	5	het
BJW-1078793	chr1	2164572	T	C	Y	rs263525	.	1	0	2	het
BJW-1078856	chr1	2165898	C	T	Y	rs10910034	.	1	0	2	het
BJW-1078860	chr1	2166021	C	T	Y	rs1713712	.	3	0	7	het
BJW-1078942	chr1	2167587	T	C	Y	rs263535	.	3	0	4	het
BJW-1079063	chr1	2168859	C	T	Y	rs4648818	.	1	0	1	.
BJW-1079392	chr1	2172202	T	C	Y	rs10797416	.	2	0	3	het
BJW-1079429	chr1	2173614	C	G	Y	rs10910036	.	2	0	2	.
BJW-1079476	chr1	2174140	T	C	Y	rs10910037	.	4	0	5	het
BJW-1079482	chr1	2174261	T	G	Y	rs260511	.	3	0	3	.
BJW-1079551	chr1	2175019	G	A	Y	rs260510	.	3	0	6	het
BJW-1079972	chr1	2179056	A	T	Y	rs12136830	.	1	0	1	.
BJW-1080011	chr1	2179337	T	C	Y	rs12138597	.	2	0	2	.
BJW-1080372	chr1	2182499	G	C	Y	rs260507	.	8	0	8	.
BJW-1080437	chr1	2182808	T	C	Y	rs12040414	.	7	0	11	het
BJW-1080475	chr1	2183783	G	A	Y	rs12565796	.	1	0	3	het
BJW-1080511	chr1	2184977	C	T	Y	rs7547453	.	4	0	4	.
BJW-1080826	chr1	2188531	C	A	.	novel	.	2	0	9	het
BJW-1080929	chr1	2190029	T	C	Y	rs903910	.	1	0	1	.
BJW-1081151	chr1	2192827	T	C	Y	rs903908	.	2	0	5	het
BJW-1081181	chr1	2193350	C	T	Y	rs4648628	.	2	0	5	het
BJW-1081282	chr1	2195387	A	G	Y	rs10910045	.	1	0	3	het
BJW-1081286	chr1	2195408	A	C	Y	rs12047069	.	3	0	3	.
BJW-1081446	chr1	2197340	C	G	Y	rs6671815	.	2	0	2	.
BJW-1081927	chr1	2201804	A	G	Y	rs10910048	.	1	0	2	het
BJW-1082073	chr1	2204291	C	T	Y	rs6677807	.	3	0	7	het
BJW-1082076	chr1	2204603	C	T	Y	rs6678142	.	1	0	3	het
BJW-1082077	chr1	2204673	A	G	Y	rs6682916	.	1	0	1	.
BJW-1082083	chr1	2205071	T	C	Y	rs6686375	.	1	0	2	het
BJW-1082145	chr1	2206228	T	G	Y	rs4648821	.	2	0	2	.
BJW-1082441	chr1	2209175	C	G	.	novel	.	3	0	4	het
BJW-1082697	chr1	2212228	G	A	Y	rs12731820	.	7	0	7	.
BJW-1082784	chr1	2213118	T	C	Y	rs2132303	.	4	0	8	het
BJW-1082844	chr1	2213726	C	T	Y	rs884940	.	1	0	2	het
BJW-1082864	chr1	2214142	A	G	Y	rs903617	.	3	0	4	het
